sample_id,decision_id,expected,severity,rationale
GTS13,d1,label=prohibitory occluded=false truncated=false blurred=false x1,critical,Biển cấm rõ nét ở cự ly gần bắt buộc khoanh polygon chuẩn xác
GTS13,d2,geometry:polygon ôm sát viền mặt biển GTS13 lệch <= 2px,major,Kiểm tra độ chính xác của Polygon ôm sát mặt biển báo
GTS14,d1,label=danger occluded=true truncated=false blurred=false x1,critical,Biển nguy hiểm bị tán cây che khuất một phần bắt buộc gán attribute occluded=true
GTS14,d2,geometry:polygon khoanh phần nhìn thấy của mặt biển nguy hiểm,major,Khoanh đúng vùng polygon phần biển không bị cây che
GTS15,d1,label=mandatory occluded=false truncated=true blurred=false x1,critical,Biển hiệu lệnh chạm mép ảnh bắt buộc gán attribute truncated=true
GTS15,d2,geometry:polygon sát viền cắt của mặt biển hiệu lệnh,major,Đường polygon dừng đúng ranh giới khung ảnh
GTS16,d1,label=other occluded=false truncated=false blurred=true x1,minor,Biển báo nhỏ ở cự ly xa bị mờ vỡ hạt chọn class other và blurred=true
GTS16,d2,label=supplementary occluded=false truncated=false blurred=false x1,major,Biển phụ nhỏ phía dưới biển chính
GTS17,d1,label=prohibitory occluded=false truncated=false blurred=true x1,critical,Biển cấm bị lóa ánh sáng gán class prohibitory kèm blurred=true
GTS17,d2,geometry:polygon ôm sát viền biển lóa sáng,major,Kiểm tra ranh giới polygon mặt biển lóa
